url,state
https://www.annistonstar.com/,alabama
https://www.cullmantimes.com,alabama
https://www.al.com,alabama
http://www.mountaineagle.com/,alabama
https://www.alexcityoutlook.com/,alabama
http://www.thedailysentinel.com/,alabama
http://www.dothaneagle.com/,alabama
http://www.decaturdaily.com/,alabama
http://www.gadsdentimes.com/,alabama
https://www.ledger-enquirer.com/,alabama
http://www.hartselleenquirer.com/,alabama
http://www.enewscourier.com/,alabama
http://www.times-journal.com/,alabama
https://www.montgomeryadvertiser.com/,alabama
http://www.tuscaloosanews.com/,alabama
http://www.timesdaily.com/,alabama
http://www.oanow.com/,alabama
https://play.google.com/store/apps/details?id=bangla.newspapers.bdnews,alabama
,
https://www.ketchikandailynews.com/,alaska
https://www.adn.com/,alaska
https://juneauempire.com/,alaska
http://sitkasentinel.com/,alaska
http://www.kodiakdailymirror.com/,alaska
http://www.newsminer.com/,alaska
https://play.google.com/store/apps/details?id=bangla.newspapers.bdnews,alaska
,
https://azdailysun.com/,arizona
https://www.douglasdispatch.com,arizona
http://www.mohavedailynews.com/,arizona
https://www.havasunews.com,arizona
http://www.eastvalleytribune.com/,arizona
https://tucson.com/,arizona
https://www.myheraldreview.com,arizona
http://kdminer.com/,arizona
https://www.dcourier.com/,arizona
https://play.google.com/store/apps/details?id=bangla.newspapers.bdnews,arizona
,
https://www.arkansasonline.com/,arkansas
https://guardonline.com/,arkansas
https://www.bentoncourier.com/,arkansas
https://www.thecabin.net/,arkansas
http://www.swtimes.com/,arkansas
http://www.camdenarknews.com/,arkansas
http://www.nwaonline.com/,arkansas
http://www.eldoradonews.com/,arkansas
http://thnews.com/,arkansas
http://www.hopestar.com/,arkansas
http://harrisondaily.com/,arkansas
http://www.hotsr.com/,arkansas
https://www.dailyrecord.us/,arkansas
http://www.jonesborosun.com/,arkansas
http://www.magnoliabannernews.com/,arkansas
https://www.baxterbulletin.com/,arkansas
https://www.malvern-online.com/,arkansas
http://www.paragoulddailypress.com/,arkansas
http://www.thedailycitizen.com/,arkansas
http://www.pbcommercial.com/,arkansas
http://www.stuttgartdailyleader.com/,arkansas
http://www.theeveningtimes.com/,arkansas
http://www.texarkanagazette.com/,arkansas
https://play.google.com/store/apps/details?id=bangla.newspapers.bdnews,arkansas
,
https://www.redding.com/,california
https://www.bakersfield.com/,california
https://www.chicoer.com/,california
https://www.vcstar.com/,california
https://www.latimes.com/,california
https://www.desertsun.com/,california
http://www.auburnjournal.com/,california
https://www.triplicate.com/,california
https://www.vvdailypress.com,california
http://www.ivpressonline.com/,california
https://www.times-standard.com/,california
https://www.northcoastjournal.com/,california
https://www.dailyrepublic.com/,california
https://www.theunion.com/,california
https://www.fresnobee.com/,california
https://hanfordsentinel.com/,california
http://asbarez.com/,california
https://sanbenito.com/,california
http://www.lodinews.com/,california
https://www.mercedsunstar.com/,california
http://www.maderatribune.com/,california
https://www.modbee.com/,california
https://www.orovillemr.com/,california
https://napavalleyregister.com/,california
http://www.avpress.com/,california
https://www.mtdemocrat.com/,california
https://www.pasadenastarnews.com/,california
https://www.pe.com/,california
https://www.sacbee.com/,california
http://www.thepresstribune.com/,california
https://www.sanluisobispo.com/,california
https://www.marinij.com/,california
https://www.ocregister.com/,california
http://www.newspress.com/,california
http://www.santacruzsentinel.com/,california
https://signalscv.com/,california
http://www.recorderonline.com/,california
http://www.ridgecrestca.com/,california
https://www.redbluffdailynews.com/,california
https://www.sonomanews.com/,california
https://www.tahoedailytribune.com/,california
https://www.uniondemocrat.com/,california
https://lompocrecord.com/,california
https://www.pressdemocrat.com/,california
https://santamariatimes.com/,california
https://www.davisenterprise.com/,california
https://www.dailybreeze.com/,california
https://www.recordnet.com/,california
http://www.goldenstatenewspapers.com/tracy_press/,california
http://www.thereporter.com/,california
http://www.ukiahdailyjournal.com/,california
http://www.timesheraldonline.com/,california
https://www.whittierdailynews.com/,california
https://www.sgvtribune.com/,california
http://www.siskiyoudaily.com/,california
http://www.dailydemocrat.com/,california
https://play.google.com/store/apps/details?id=bangla.newspapers.bdnews,california
,
http://www.coloradodaily.com/,colorado
http://www.gazette.com/,colorado
http://www.canoncitydailyrecord.com/,colorado
http://www.dailycamera.com/,colorado
http://www.aspendailynews.com/,colorado
https://www.craigdailypress.com/,colorado
https://www.coloradoan.com/,colorado
https://durangoherald.com/,colorado
http://www.reporterherald.com/,colorado
https://www.chieftain.com/,colorado
http://www.montrosepress.com/,colorado
https://www.vaildaily.com/,colorado
http://www.fortmorgantimes.com/,colorado
http://www.gjsentinel.com/,colorado
https://www.summitdaily.com/,colorado
http://www.greeleytrib.com/,colorado
http://www.timescall.com/,colorado
http://www.lajuntatribunedemocrat.com/,colorado
https://play.google.com/store/apps/details?id=bangla.newspapers.bdnews,colorado
,
https://www.ctpost.com/,connecticut
https://www.newstimes.com/,connecticut
http://www.journalinquirer.com/,connecticut
https://www.middletownpress.com/,connecticut
http://www.myrecordjournal.com/,connecticut
http://www.norwichbulletin.com/,connecticut
http://www.bristolpress.com/,connecticut
https://www.thechronicle.com/,connecticut
https://www.rep-am.com/,connecticut
https://www.nhregister.com/,connecticut
https://www.thehour.com/,connecticut
https://www.theday.com/,connecticut
https://www.stamfordadvocate.com/,connecticut
http://www.courant.com/,connecticut
https://www.greenwichtime.com/,connecticut
https://play.google.com/store/apps/details?id=bangla.newspapers.bdnews,connecticut
,
https://delawarestatenews.net/,delaware
https://www.delawareonline.com/,delaware
http://www.milfordbeacon.com/,delaware
http://www.seafordstar.com/,delaware
https://play.google.com/store/apps/details?id=bangla.newspapers.bdnews,delaware
,
http://www.amisun.com/,florida
http://www.alachuatoday.com/,florida
http://www.nwfdailynews.com/,florida
http://www.gainesville.com/,florida
http://www.apalachtimes.com/,florida
http://www.thecountyrecord.net/,florida
http://www.thevosm.net/,florida
http://www.palatkadailynews.com/,florida
http://www.nassaucountyrecord.com/,florida
http://www.cape-coral-daily-breeze.com/,florida
https://mywestsidejournal.com/,florida
http://www.crestviewbulletin.com/,florida
http://bocabeacon.com/,florida
https://www.bradenton.com/,florida
http://www.pineisland-eagle.com/,florida
http://www.chieflandcitizen.com/,florida
http://www.chronicleonline.com/,florida
https://chipleybugle.com/,florida
http://www.thewakullanews.com/,florida
http://www.flkeysnews.com/,florida
http://www.thedestinlog.com/,florida
http://www.alligator.org/,florida
http://columbiacountyobserver.com/,florida
http://www.bctelegraph.com/,florida
http://www.jacksoncountytimes.net/,florida
http://www.dothaneagle.com/jcfloridan/,florida
https://www.naplesnews.com/,florida
https://www.palmcoastobserver.com/,florida
http://www.ocala.com/,florida
http://www.newsherald.com/,florida
http://www.theledger.com/,florida
http://www.lakecityreporter.com/,florida
http://www.suwanneedemocrat.com/,florida
http://www.starfl.com/,florida
https://www.pnj.com/,florida
http://www.waltonsun.com/,florida
https://www.tcpalm.com/,florida
https://www.tallahassee.com/,florida
http://www.polkcountydemocrat.com/,florida
http://www.willistonpioneer.com/,florida
http://www.flpress.com/,florida
https://www.businessobserverfl.com/,florida
http://www.captivacurrent.com/,florida
http://www.heraldtribune.com/,florida
https://www.fsunews.com/,florida
https://play.google.com/store/apps/details?id=bangla.newspapers.bdnews,florida
,
https://www.americustimesrecorder.com/,georgia
http://www.albanyherald.com/,georgia
http://www.rockdalenewtoncitizen.com/,georgia
https://www.ledger-enquirer.com/,georgia
https://www.cordeledispatch.com/,georgia
http://www.courier-herald.com/,georgia
http://www.onlineathens.com/,georgia
https://thebrunswicknews.com/,georgia
http://www.augustachronicle.com/,georgia
http://www.daily-tribune.com/,georgia
http://www.daltondailycitizen.com/,georgia
https://www.gainesvilletimes.com/,georgia
http://www.news-daily.com/,georgia
http://www.griffindailynews.com/,georgia
http://www.savannahnow.com/business/,georgia
http://www.northwestgeorgianews.com/rome/,georgia
http://www.statesboroherald.com/,georgia
http://www.tiftongazette.com/,georgia
http://www.timesenterprise.com/,georgia
http://wjhnews.com/,georgia
http://www.henryherald.com/,georgia
http://www.gwinnettdailypost.com/,georgia
http://www.lagrangenews.com/,georgia
http://www.macon.com/,georgia
http://www.moultrieobserver.com/,georgia
http://www.mdjonline.com/,georgia
http://times-herald.com/,georgia
http://www.valdostadailytimes.com/,georgia
https://play.google.com/store/apps/details?id=bangla.newspapers.bdnews,georgia
,
https://hawaiitribune-herald.com/,hawaii
http://www.staradvertiser.com/,hawaii
http://westhawaiitoday.com/,hawaii
http://www.thegardenisland.com/,hawaii
http://www.mauinews.com/,hawaii
https://play.google.com/store/apps/details?id=bangla.newspapers.bdnews,hawaii
,
https://www.idahostatesman.com/,idaho
https://www.idahopress.com/,idaho
https://magicvalley.com/,idaho
http://www.cdapress.com/,idaho
http://lmtribune.com/,idaho
https://www.postregister.com/,idaho
http://dnews.com/,idaho
http://www.bonnercountydailybee.com/,idaho
https://www.argusobserver.com/,idaho
https://www.idahostatejournal.com/,idaho
http://www.shoshonenewspress.com/,idaho
https://play.google.com/store/apps/details?id=bangla.newspapers.bdnews,idaho
,
https://www.bnd.com/,illinois
https://www.thetelegraph.com/,illinois
http://www.bentoneveningnews.com/,illinois
http://thesouthern.com/,illinois
http://www.effinghamdailynews.com/,illinois
http://www.kcchronicle.com/,illinois
http://www.daily-journal.com/,illinois
http://www.dailyregister.com/,illinois
http://www.morrisherald-news.com/,illinois
http://www.pontiacdailyleader.com/,illinois
http://www.pekintimes.com/,illinois
https://www.pantagraph.com/,illinois
http://www.carmitimes.com/,illinois
http://jg-tc.com/,illinois
http://www.news-gazette.com/,illinois
http://www.clintondailyjournal.com/,illinois
https://herald-review.com/,illinois
http://www.nwherald.com/,illinois
http://www.dekalb-chronicle.com/,illinois
http://www.duquoin.com/,illinois
http://www.saukvalley.com/,illinois
https://www.theintelligencer.com/,illinois
http://www.journalstandard.com/,illinois
http://www.dailyrepublicannews.com/,illinois
http://ottawadailytimes.com/,illinois
http://www.olneydailymail.com/,illinois
http://www.starcourier.com/,illinois
http://www.lincolndailynews.com/,illinois
http://www.lincolncourier.com/,illinois
http://www.mcdonoughvoice.com/,illinois
http://www.reviewatlas.com/,illinois
http://www.dailyrepublicannews.com/,illinois
http://www.pjstar.com/,illinois
http://www.robdailynews.com/,illinois
http://www.whig.com/,illinois
http://www.shelbyvilledailyunion.com/,illinois
http://www.rrstar.com/,illinois
https://play.google.com/store/apps/details?id=bangla.newspapers.bdnews,illinois
,
https://www.tmnews.com/,indiana
https://www.heraldtimesonline.com/,indiana
https://www.courierpress.com/,indiana
http://www.heraldbulletin.com/,indiana
https://news-banner.com/,indiana
http://www.therepublic.com/,indiana
http://chestertontribune.com/,indiana
http://www.journalreview.com/,indiana
http://www.elkharttruth.com/,indiana
http://www.news-sentinel.com/,indiana
http://www.bannergraphic.com/,indiana
https://www.indystar.com/,indiana
http://www.greensburgdailynews.com/,indiana
http://www.kpcnews.com/,indiana
http://www.decaturdailydemocrat.com/,indiana
http://www.goshennews.com/,indiana
http://www.thepilotnews.com/,indiana
http://www.thecouriertimes.com/,indiana
https://www.pal-item.com/,indiana
http://www.gcdailyworld.com/,indiana
https://www.jconline.com/,indiana
http://www.nwitimes.com/,indiana
http://www.pharostribune.com/,indiana
http://www.heraldargus.com/,indiana
http://www.chronicle-tribune.com/,indiana
http://www.shelbynews.com/,indiana
http://www.rochsent.com/,indiana
http://www.southbendtribune.com/,indiana
http://www.thenewsdispatch.com/,indiana
https://www.reporter-times.com/,indiana
https://www.thestarpress.com/,indiana
http://www.suncommercial.com/,indiana
http://www.tribstar.com/,indiana
http://www.washtimesherald.com/,indiana
http://www.timesuniononline.com/,indiana
https://play.google.com/store/apps/details?id=bangla.newspapers.bdnews,indiana
,
http://www.amestrib.com/,iowa
http://www.newsrepublican.com/,iowa
https://www.thegazette.com/,iowa
http://www.thehawkeye.com/,iowa
http://www.clintonherald.com/,iowa
https://www.crestonnews.com/,iowa
http://www.nonpareilonline.com/,iowa
https://qctimes.com/,iowa
http://www.telegraphherald.com/,iowa
http://www.swiowanewssource.com/,iowa
http://www.carrollspaper.com/,iowa
http://www.dailyiowegian.com/,iowa
https://www.chronicletimes.com/,iowa
http://www.charlescitypress.com/,iowa
https://www.desmoinesregister.com/,iowa
http://www.esthervilledailynews.com/,iowa
http://www.messengernews.net/,iowa
https://www.ffledger.com/,iowa
https://www.press-citizen.com/,iowa
https://muscatinejournal.com/,iowa
https://www.mpnews.net/,iowa
http://www.newtondailynews.com/,iowa
http://www.timesrepublican.com/,iowa
https://www.lemarssentinel.com/,iowa
https://globegazette.com/,iowa
http://www.ottumwacourier.com/,iowa
http://www.oskaloosa.com/,iowa
https://siouxcityjournal.com/,iowa
https://wcfcourier.com/,iowa
http://www.freemanjournal.net/,iowa
https://www.spencerdailyreporter.com/,iowa
https://play.google.com/store/apps/details?id=bangla.newspapers.bdnews,iowa
,
https://www.gbtribune.com/,kansas
https://www.iolaregister.com/,kansas
http://www.abilene-rc.com/,kansas
http://www.chanute.com/,kansas
http://www.emporiagazette.com/,kansas
http://www.hdnews.net/,kansas
http://www.jcdailyunion.com/,kansas
http://www.butlercountytimesgazette.com/,kansas
http://www.dodgeglobe.com/,kansas
http://www.gctelegram.com/,kansas
http://www.hutchnews.com/,kansas
http://www.ljworld.com/,kansas
http://themercury.com/,kansas
http://www.leavenworthtimes.com/,kansas
http://www.mcphersonsentinel.com/,kansas
http://www.ottawaherald.com/,kansas
http://www.thekansan.com/,kansas
http://www.salina.com/,kansas
http://www.wellingtondailynews.com/,kansas
https://www.cjonline.com/,kansas
http://www.ctnewsonline.com/,kansas
http://www.parsonssun.com/,kansas
http://www.pratttribune.com/,kansas
http://www.morningsun.net/,kansas
https://play.google.com/store/apps/details?id=bangla.newspapers.bdnews,kansas
,
https://www.dailyindependent.com/,kentucky
https://www.harlanenterprise.net/,kentucky
http://www.thetimestribune.com/,kentucky
http://www.bgdailynews.com/,kentucky
https://www.amnews.com/,kentucky
http://www.rcnky.com/,kentucky
http://www.thenewsenterprise.com/,kentucky
http://www.glasgowdailytimes.com/,kentucky
https://www.state-journal.com/,kentucky
https://www.middlesborodailynews.com/,kentucky
https://www.courier-journal.com/,kentucky
http://www.the-messenger.com/,kentucky
http://www.kentuckynewera.com/,kentucky
https://www.thegleaner.com/,kentucky
https://www.kentucky.com/,kentucky
http://murrayledger.com/,kentucky
https://maysville-online.com/,kentucky
http://www.messenger-inquirer.com/,kentucky
http://westkentuckystar.com/,kentucky
http://www.paducahsun.com/,kentucky
http://www.somerset-kentucky.com/,kentucky
http://www.richmondregister.com/,kentucky
https://play.google.com/store/apps/details?id=bangla.newspapers.bdnews,kentucky
,
https://www.thetowntalk.com/,louisiana
https://www.theadvocate.com/,louisiana
https://www.stmarynow.com/,louisiana
http://www.houmatoday.com/,louisiana
http://www.hammondstar.com/,louisiana
https://www.theadvertiser.com/,louisiana
https://www.iberianet.com/,louisiana
https://www.natchitochestimes.com/,louisiana
https://www.nola.com/,louisiana
http://press-herald.com/,louisiana
http://www.americanpress.com/,louisiana
https://www.thenewsstar.com/news/,louisiana
https://www.shreveporttimes.com/,louisiana
https://www.dailyworld.com/,louisiana
http://www.dailycomet.com/,louisiana
http://www.sulphurdailynews.com/,louisiana
https://play.google.com/store/apps/details?id=bangla.newspapers.bdnews,louisiana
,
https://www.centralmaine.com/,maine
https://www.journaltribune.com/,maine
https://bangordailynews.com/,maine
http://www.sunjournal.com/,maine
https://www.pressherald.com/,maine
https://www.timesrecord.com/,maine
https://play.google.com/store/apps/details?id=bangla.newspapers.bdnews,maine
,
https://www.stardem.com/,maryland
http://www.capitalgazette.com/,maryland
https://thedailyrecord.com/,maryland
http://www.baltimoresun.com/,maryland
http://www.times-news.com/,maryland
http://www.heraldmailmedia.com/,maryland
http://www.fredericknewspost.com/,maryland
http://www.carrollcountytimes.com/,maryland
https://www.delmarvanow.com/,maryland
https://play.google.com/store/apps/details?id=bangla.newspapers.bdnews,maryland
,
http://www.atholdailynews.com/,massachusetts
http://capecodonline.com/,massachusetts
http://www.thesunchronicle.com/,massachusetts
http://www.heraldnews.com/,massachusetts
http://www.enterprisenews.com/,massachusetts
http://thegardnernews.com/,massachusetts
http://www.metrowestdailynews.com/,massachusetts
http://www.gloucestertimes.com/,massachusetts
http://www.patriotledger.com/,massachusetts
http://www.tauntongazette.com/,massachusetts
http://www.sentinelandenterprise.com/,massachusetts
http://www.salemnews.com/,massachusetts
http://www.wrenthamtimes.com/,massachusetts
http://www.telegram.com/,massachusetts
http://www.lowellsun.com/,massachusetts
http://www.recorder.com/,massachusetts
https://www.itemlive.com/,massachusetts
http://www.southcoasttoday.com/,massachusetts
http://www.milforddailynews.com/,massachusetts
http://www.newburyportnews.com/,massachusetts
http://www.gazettenet.com/,massachusetts
http://www.eagletribune.com/,massachusetts
http://www.berkshireeagle.com/,massachusetts
http://www.southbridgeeveningnews.com/,massachusetts
https://play.google.com/store/apps/details?id=bangla.newspapers.bdnews,massachusetts
,
https://www.lenconnect.com/,michigan
http://www.mlive.com/bay-city/,michigan
http://www.mlive.com/ann-arbor/,michigan
http://www.thealpenanews.com/,michigan
http://bigrapidsnews.com/,michigan
http://www.mlive.com/flint/,michigan
http://www.dailypress.net/,michigan
http://www.cheboygannews.com/,michigan
https://www.cadillacnews.com/,michigan
http://www.thedailyreporter.com/,michigan
https://www.petoskeynews.com/gaylord/,michigan
http://www.mlive.com/grand-rapids/,michigan
http://www.grandhaventribune.com/,michigan
https://thedailynews.cc/,michigan
http://www.sentinel-standard.com/,michigan
http://www.mininggazette.com/,michigan
http://www.ironmountaindailynews.com/,michigan
http://www.mlive.com/muskegon/,michigan
http://www.macombdaily.com/,michigan
https://www.petoskeynews.com/,michigan
http://www.mlive.com/kalamazoo/,michigan
http://www.mlive.com/jackson/,michigan
https://www.lansingstatejournal.com/,michigan
http://www.dailytribune.com/,michigan
http://www.theoaklandpress.com/,michigan
http://www.mlive.com/saginaw/,michigan
http://www.record-eagle.com/,michigan
https://www.ourmidland.com/,michigan
http://www.miningjournal.net/,michigan
http://www.monroenews.com/,michigan
http://www.sooeveningnews.com/,michigan
http://www.heraldpalladium.com/,michigan
http://www.sturgisjournal.com/,michigan
https://play.google.com/store/apps/details?id=bangla.newspapers.bdnews,michigan
,
http://www.startribune.com/,minnesota
https://www.austindailyherald.com/,minnesota
http://www.brainerddispatch.com/,minnesota
https://www.albertleatribune.com/,minnesota
http://www.bemidjipioneer.com/,minnesota
http://www.crookstontimes.com/,minnesota
http://www.wahpetondailynews.com/,minnesota
http://www.dl-online.com/,minnesota
http://www.hibbingmn.com/,minnesota
http://www.duluthnews.com/,minnesota
http://www.mankatofreepress.com/,minnesota
http://www.mndaily.com/,minnesota
https://finance-commerce.com/,minnesota
http://spokesman-recorder.com/,minnesota
http://www.virginiamn.com/,minnesota
https://www.sctimes.com/,minnesota
http://www.wctrib.com/,minnesota
http://www.nujournal.com/,minnesota
https://www.twincities.com/,minnesota
http://www.postbulletin.com/,minnesota
http://www.dglobe.com/,minnesota
http://www.winonadailynews.com/,minnesota
https://play.google.com/store/apps/details?id=bangla.newspapers.bdnews,minnesota
,
https://www.sunherald.com/,mississippi
https://www.vicksburgpost.com/,mississippi
https://bolivarcommercial.com/,mississippi
https://www.dailyleader.com/,mississippi
http://www.dailycorinthian.com/,mississippi
http://www.cdispatch.com/,mississippi
http://www.ddtonline.com/,mississippi
https://www.hattiesburgamerican.com/,mississippi
http://www.gwcommonwealth.com/,mississippi
https://www.clarionledger.com/,mississippi
http://www.meridianstar.com/,mississippi
http://www.enterprise-journal.com/,mississippi
https://www.natchezdemocrat.com/,mississippi
http://www.picayuneitem.com/,mississippi
https://www.oxfordeagle.com/,mississippi
http://www.starkvilledailynews.com/,mississippi
https://www.dailytimesleader.com/,mississippi
http://www.djournal.com/,mississippi
https://play.google.com/store/apps/details?id=bangla.newspapers.bdnews,mississippi
,
http://bransontrilakesnews.com/,missouri
http://www.boonvilledailynews.com/,missouri
http://www.laclederecord.com/,missouri
http://www.kirksvilledailyexpress.com/,missouri
http://www.semissourian.com/,missouri
http://www.columbiatribune.com/,missouri
http://www.hannibal.net/,missouri
https://www.chillicothenews.com/,missouri
http://www.dddnews.com/,missouri
http://www.joplinglobe.com/,missouri
http://www.examiner.net/,missouri
https://www.kansascity.com/,missouri
http://www.newstribune.com/,missouri
https://www.marshallnews.com/,missouri
http://www.mexicoledger.com/,missouri
http://www.moberlymonitor.com/,missouri
http://www.maryvilledailyforum.com/,missouri
https://www.monett-times.com/,missouri
https://www.nevadadailymail.com/,missouri
https://www.news-leader.com/,missouri
http://www.stltoday.com/,missouri
http://www.newspressnow.com/,missouri
http://www.neoshodailynews.com/,missouri
https://dailyjournalonline.com/,missouri
http://www.therolladailynews.com/,missouri
http://www.darnews.com/,missouri
https://play.google.com/store/apps/details?id=bangla.newspapers.bdnews,missouri
,
https://billingsgazette.com/,montana
https://mtstandard.com/,montana
http://www.havredailynews.com/,montana
https://ravallirepublic.com/,montana
https://helenair.com/,montana
https://www.bozemandailychronicle.com/,montana
https://www.greatfallstribune.com/,montana
https://www.livingstonenterprise.com/,montana
https://missoulian.com/,montana
http://www.dailyinterlake.com/,montana
https://www.milescitystar.com/,montana
https://play.google.com/store/apps/details?id=bangla.newspapers.bdnews,montana
,
http://www.alliancetimes.com/,nebraska
https://columbustelegram.com/,nebraska
http://www.hastingstribune.com/,nebraska
http://www.theindependent.com/,nebraska
https://beatricedailysun.com/,nebraska
https://fremonttribune.com/,nebraska
http://www.kearneyhub.com/,nebraska
http://www.mccookgazette.com/,nebraska
https://journalstar.com/,nebraska
http://norfolkdailynews.com/,nebraska
https://www.omaha.com/,nebraska
http://www.yorknewstimes.com/,nebraska
http://www.suntelegraph.com/,nebraska
http://www.starherald.com/,nebraska
http://www.omahadailyrecord.com/,nebraska
http://www.nptelegraph.com/,nebraska
https://play.google.com/store/apps/details?id=bangla.newspapers.bdnews,nebraska
,
https://www.nevadaappeal.com/,nevada
https://lasvegassun.com,nevada
http://www.elynews.com/,nevada
http://www.dailysparkstribune.com/,nevada
https://www.rgj.com/,nevada
http://elkodaily.com/,nevada
https://play.google.com/store/apps/details?id=bangla.newspapers.bdnews,nevada
,
http://www.concordmonitor.com/,new-hampshire
https://www.conwaydailysun.com/,new-hampshire
http://www.sentinelsource.com/,new-hampshire
http://www.fosters.com/,new-hampshire
http://www.laconiadailysun.com/,new-hampshire
http://www.seacoastonline.com/,new-hampshire
http://www.unionleader.com/,new-hampshire
http://www.nashuatelegraph.com/,new-hampshire
https://play.google.com/store/apps/details?id=bangla.newspapers.bdnews,new-hampshire
,
https://www.nj.com/,new-jersey
https://www.mycentraljersey.com/,new-jersey
https://www.pressofatlanticcity.com/,new-jersey
https://www.lehighvalleylive.com/,new-jersey
https://www.courierpostonline.com/,new-jersey
https://www.app.com/,new-jersey
https://www.dailyrecord.com/,new-jersey
https://www.njherald.com/,new-jersey
https://www.thedailyjournal.com/,new-jersey
https://www.northjersey.com/,new-jersey
https://www.trentonian.com/,new-jersey
http://www.burlingtoncountytimes.com/,new-jersey
https://play.google.com/store/apps/details?id=bangla.newspapers.bdnews,new-jersey
,
https://www.alamogordonews.com/,new-mexico
http://www.artesianews.com/,new-mexico
http://www.lamonitor.com/,new-mexico
https://www.abqjournal.com/,new-mexico
https://www.currentargus.com/,new-mexico
http://www.hobbsnews.com/,new-mexico
http://www.scdailypress.com/,new-mexico
https://www.daily-times.com/,new-mexico
https://www.demingheadlight.com/,new-mexico
http://gallupindependent.com/,new-mexico
https://www.lcsun-news.com/,new-mexico
http://www.santafenewmexican.com/,new-mexico
https://www.rdrnews.com/,new-mexico
https://play.google.com/store/apps/details?id=bangla.newspapers.bdnews,new-mexico
,
https://www.hudsonvalley360.com/,new-york
https://www.pressconnects.com/,new-york
http://auburnpub.com/,new-york
https://www.timesunion.com/,new-york
https://www.recordernews.com/,new-york
http://www.thedailynewsonline.com/,new-york
http://buffalonews.com/,new-york
http://www.mpnnow.com/,new-york
http://poststar.com/,new-york
http://www.timestelegram.com/,new-york
http://www.post-journal.com/,new-york
http://www.dailyfreeman.com/,new-york
http://cortlandstandard.net/,new-york
http://www.the-leader.com/,new-york
http://www.observertoday.com/,new-york
https://oswegocountytoday.com/,new-york
https://www.stargazette.com/,new-york
http://www.fltimes.com/,new-york
http://www.leaderherald.com/,new-york
http://www.lockportjournal.com/,new-york
https://www.ithacajournal.com/,new-york
https://www.newsday.com/,new-york
http://www.salamancapress.com/,new-york
http://romesentinel.com/,new-york
http://www.saratogian.com/,new-york
http://www.niagara-gazette.com/,new-york
http://www.recordonline.com/,new-york
http://www.evesun.com/,new-york
http://www.oneidadispatch.com/,new-york
http://www.oleantimesherald.com/,new-york
http://www.thedailystar.com/,new-york
http://www.silive.com/,new-york
http://www.dailygazette.com/,new-york
http://www.syracuse.com/,new-york
https://www.lohud.com/,new-york
http://www.uticaod.com/,new-york
https://www.poughkeepsiejournal.com/,new-york
http://www.pressrepublican.com/,new-york
https://www.democratandchronicle.com/,new-york
http://www.troyrecord.com/,new-york
http://www.wellsvilledaily.com/,new-york
https://www.nydailynews.com,new-york
https://play.google.com/store/apps/details?id=bangla.newspapers.bdnews,new-york
,
http://www.charlotteobserver.com/,north-carolina
http://www.reflector.com/,north-carolina
http://www.newsobserver.com/,north-carolina
https://www.citizen-times.com/,north-carolina
http://www.thetimesnews.com/,north-carolina
http://www.courier-tribune.com/,north-carolina
http://www.heraldsun.com/,north-carolina
https://www.clintonnc.com/,north-carolina
http://www.dailyadvance.com/,north-carolina
http://www.thedigitalcourier.com/,north-carolina
http://www.blueridgenow.com/,north-carolina
http://www.jdnews.com/,north-carolina
https://www.laurinburgexchange.com/,north-carolina
http://www.kinston.com/,north-carolina
http://www.the-dispatch.com/,north-carolina
http://www.fayobserver.com/,north-carolina
http://www.gastongazette.com/,north-carolina
http://www.greensboro.com/,north-carolina
http://www.newsargus.com/,north-carolina
http://www.hendersondispatch.com/,north-carolina
http://www.hickoryrecord.com/,north-carolina
http://www.mcdowellnews.com/,north-carolina
https://www.robesonian.com/,north-carolina
http://www.morganton.com/,north-carolina
http://www.shelbystar.com/,north-carolina
http://www.sanfordherald.com/,north-carolina
http://www.statesville.com/,north-carolina
https://www.thewashingtondailynews.com/,north-carolina
http://www.tryondailybulletin.com/,north-carolina
http://www.starnewsonline.com/,north-carolina
http://www.newbernsj.com/,north-carolina
https://www.mtairynews.com/,north-carolina
https://www.observernewsonline.com/,north-carolina
https://www.yourdailyjournal.com/,north-carolina
http://www.rrdailyherald.com/,north-carolina
https://www.salisburypost.com/,north-carolina
http://www.journalnow.com/,north-carolina
http://www.wilsontimes.com/,north-carolina
https://play.google.com/store/apps/details?id=bangla.newspapers.bdnews,north-carolina
,
https://www.grandforksherald.com/,north-dakota
https://bismarcktribune.com/,north-dakota
http://www.thedickinsonpress.com/,north-dakota
http://www.devilslakejournal.com/,north-dakota
http://www.jamestownsun.com/,north-dakota
https://www.times-online.com/,north-dakota
https://www.willistonherald.com/,north-dakota
http://www.minotdailynews.com/,north-dakota
https://www.wahpetondailynews.com/,north-dakota
https://play.google.com/store/apps/details?id=bangla.newspapers.bdnews,north-dakota
,
https://www.cleveland.com/,ohio
https://www.cincinnati.com/,ohio
http://www.dispatch.com/,ohio
http://www.the-review.com/,ohio
http://www.ohio.com/,ohio
http://www.starbeacon.com/,ohio
https://www.chillicothegazette.com/,ohio
http://www.cantonrep.com/,ohio
https://www.coshoctontribune.com/,ohio
http://www.crescent-news.com/,ohio
https://www.daytondailynews.com/,ohio
http://www.reviewonline.com/,ohio
http://www.irontontribune.com/,ohio
http://www.mydailytribune.com/,ohio
https://www.timesjournal.com/,ohio
http://bryantimes.com/,ohio
https://www.athensmessenger.com/,ohio
http://www.daily-jeff.com/,ohio
https://www.lancastereaglegazette.com/,ohio
http://www.record-courier.com/,ohio
http://www.limaohio.com/,ohio
https://www.springfieldnewssun.com/,ohio
http://www.toledoblade.com/,ohio
http://www.norwalkreflector.com/,ohio
http://www.timesreporter.com/,ohio
http://www.dailycall.com/,ohio
http://www.morningjournal.com/,ohio
https://www.logandaily.com/,ohio
https://www.mansfieldnewsjournal.com/,ohio
http://www.indeonline.com/,ohio
http://www.mariettatimes.com/,ohio
https://www.newarkadvocate.com/,ohio
http://www.hsconnect.com/,ohio
http://www.sanduskyregister.com/,ohio
http://www.portsmouth-dailytimes.com/,ohio
http://www.sidneydailynews.com/,ohio
http://www.news-herald.com/,ohio
https://www.zanesvilletimesrecorder.com/,ohio
http://www.tribtoday.com/,ohio
http://www.vindy.com/,ohio
https://play.google.com/store/apps/details?id=bangla.newspapers.bdnews,ohio
,
https://www.altustimes.com/,oklahoma
http://www.claremoreprogress.com/,oklahoma
http://www.theadanews.com/,oklahoma
http://www.ardmoreite.com/,oklahoma
http://www.enidnews.com/,oklahoma
http://www.durantdemocrat.com/,oklahoma
https://www.garfieldcountylegalnews.com/,oklahoma
http://www.chickashanews.com/,oklahoma
http://www.blackwelljournaltribune.net/,oklahoma
https://www.clintondailynews.com/,oklahoma
http://www.examiner-enterprise.com/,oklahoma
http://www.duncanbanner.com/,oklahoma
http://www.hugonews.com/,oklahoma
http://www.guymondailyherald.com/,oklahoma
http://www.swoknews.com/,oklahoma
http://www.miamiok.com/,oklahoma
http://www.mcalesternews.com/,oklahoma
http://www.muskogeephoenix.com/,oklahoma
http://www.news-star.com/,oklahoma
http://www.seminoleproducer.com/,oklahoma
http://www.stwnewspress.com/,oklahoma
http://journalrecord.com/,oklahoma
http://www.normantranscript.com/,oklahoma
http://newsok.com/,oklahoma
http://www.poteaudailynews.com/,oklahoma
https://www.poncacitynews.com/,oklahoma
http://www.tulsaworld.com/,oklahoma
http://www.woodwardnews.net/,oklahoma
http://www.tahlequahdailypress.com/,oklahoma
https://play.google.com/store/apps/details?id=bangla.newspapers.bdnews,oklahoma
,
https://www.oregonlive.com/,oregon
https://theworldlink.com/,oregon
https://www.bendbulletin.com/,oregon
http://www.dailyastorian.com/,oregon
https://democratherald.com/,oregon
http://dailytidings.com/,oregon
https://www.registerguard.com/,oregon
https://www.gazettetimes.com/,oregon
http://www.thedailycourier.com/,oregon
http://mailtribune.com/,oregon
https://www.heraldandnews.com/,oregon
http://www.argusobserver.com/,oregon
http://djcoregon.com/,oregon
https://www.nrtoday.com/,oregon
http://www.thedalleschronicle.com/,oregon
http://www.eastoregonian.com/,oregon
https://www.statesmanjournal.com/,oregon
https://play.google.com/store/apps/details?id=bangla.newspapers.bdnews,oregon
,
https://www.mcall.com/,pennsylvania
https://www.pennlive.com/,pennsylvania
http://www.post-gazette.com/,pennsylvania
https://www.eveningsun.com/,pennsylvania
http://www.wayneindependent.com/,pennsylvania
http://www.altoonamirror.com/,pennsylvania
https://www.pressenterpriseonline.com/,pennsylvania
http://www.timesonline.com/,pennsylvania
http://www.bradfordera.com/,pennsylvania
https://cumberlink.com/,pennsylvania
http://www.butlereagle.com/,pennsylvania
http://www.gettysburgtimes.com/,pennsylvania
https://www.standardspeaker.com/,pennsylvania
https://www.ldnews.com/,pennsylvania
https://www.indianagazette.com/,pennsylvania
http://www.thecourierexpress.com/,pennsylvania
http://www.goerie.com/,pennsylvania
https://www.lehighvalleylive.com/,pennsylvania
https://www.tnonline.com/,pennsylvania
http://www.lewistownsentinel.com/,pennsylvania
http://www.buckscountycouriertimes.com/,pennsylvania
http://www.lockhaven.com/,pennsylvania
https://www.timesherald.com/,pennsylvania
http://www.ncnewsonline.com/,pennsylvania
http://www.thederrick.com/,pennsylvania
https://www.phoenixvillenews.com/,pennsylvania
http://triblive.com/,pennsylvania
http://www.pottsville.com/,pennsylvania
https://www.pottsmerc.com/,pennsylvania
https://www.delcotimes.com/,pennsylvania
https://www.centredaily.com/,pennsylvania
http://www.dailyitem.com/,pennsylvania
http://www.poconorecord.com/,pennsylvania
http://www.titusvilleherald.com/,pennsylvania
https://www.heraldstandard.com/,pennsylvania
https://www.thedailyreview.com/,pennsylvania
http://www.timesobserver.com/,pennsylvania
https://www.newsitem.com/,pennsylvania
http://www.dailyamerican.com/,pennsylvania
http://www.sharonherald.com/,pennsylvania
http://www.therecordherald.com/,pennsylvania
https://www.observer-reporter.com/,pennsylvania
https://www.ydr.com/,pennsylvania
https://www.dailylocal.com/,pennsylvania
http://www.sungazette.com/,pennsylvania
https://www.citizensvoice.com/,pennsylvania
https://www.yorkdispatch.com/,pennsylvania
https://play.google.com/store/apps/details?id=bangla.newspapers.bdnews,pennsylvania
,
https://www.newportri.com/,rhode-island
http://www.thewesterlysun.com/,rhode-island
http://www.providencejournal.com/,rhode-island
http://www.woonsocketcall.com/,rhode-island
https://www.pawtuckettimes.com/,rhode-island
http://www.ricentral.com/news,rhode-island
https://play.google.com/store/apps/details?id=bangla.newspapers.bdnews,rhode-island
,
https://www.thestate.com/,south-carolina
http://upstatetoday.com/,south-carolina
https://www.islandpacket.com/,south-carolina
https://www.aikenstandard.com/,south-carolina
https://www.postandcourier.com/,south-carolina
https://www.independentmail.com/,south-carolina
https://www.scnow.com/,south-carolina
http://www.indexjournal.com/,south-carolina
https://www.greenvilleonline.com/,south-carolina
https://www.myrtlebeachonline.com/,south-carolina
http://www.theitem.com/,south-carolina
https://www.heraldonline.com/,south-carolina
https://thetandd.com/,south-carolina
https://www.uniondailytimes.com/,south-carolina
https://www.goupstate.com/,south-carolina
https://play.google.com/store/apps/details?id=bangla.newspapers.bdnews,south-carolina
,
https://www.brookingsregister.com/,south-dakota
https://www.thepublicopinion.com/,south-dakota
https://www.aberdeennews.com/,south-dakota
http://www.plainsman.com/,south-dakota
http://www.mitchellrepublic.com/,south-dakota
http://www.dailyleaderextra.com/,south-dakota
http://rapidcityjournal.com/,south-dakota
http://www.capjournal.com/,south-dakota
https://www.argusleader.com/,south-dakota
https://www.yankton.net/,south-dakota
http://www.bhpioneer.com/,south-dakota
https://play.google.com/store/apps/details?id=bangla.newspapers.bdnews,south-dakota
,
https://www.greenevillesun.com/,tennessee
https://www.elizabethton.com/,tennessee
http://www.dailypostathenian.com/,tennessee
http://www.clevelandbanner.com/,tennessee
https://www.timesfreepress.com/,tennessee
http://www.columbiadailyherald.com/,tennessee
https://www.stategazette.com/,tennessee
http://www.herald-citizen.com/,tennessee
https://www.jacksonsun.com/,tennessee
http://www.timesnews.net/,tennessee
https://www.thedailytimes.com/,tennessee
http://www.citizentribune.com/,tennessee
http://www.nwtntoday.com/,tennessee
https://www.johnsoncitypress.com/,tennessee
https://www.knoxnews.com/,tennessee
http://www.memphisdailynews.com/,tennessee
http://www.oakridger.com/,tennessee
https://www.dnj.com/,tennessee
https://www.t-g.com/,tennessee
https://play.google.com/store/apps/details?id=bangla.newspapers.bdnews,tennessee
,
http://thefacts.com/,texas
http://www.brownsvilleherald.com/,texas
https://www.beaumontenterprise.com/,texas
https://www.statesman.com/,texas
https://www.mysanantonio.com/,texas
http://www.heralddemocrat.com/,texas
https://www.dallasnews.com,texas
https://www.reporternews.com/,texas
http://www.amarillo.com/,texas
http://www.bigspringherald.com/,texas
http://www.brownwoodtx.com/,texas
https://www.caller.com/,texas
http://delrionewsherald.com/,texas
http://www.corsicanadailysun.com/,texas
http://www.alicetx.com/,texas
http://www.theeagle.com/,texas
http://www.athensreview.com/,texas
http://www.borgernewsherald.com/,texas
http://www.dentonrc.com/,texas
https://www.elpasotimes.com/,texas
http://www.focusdailynews.com/,texas
https://www.ennisdailynews.com/,texas
http://www.valleymorningstar.com/,texas
http://www.kilgorenewsherald.com/,texas
http://kdhnews.com/,texas
https://www.lmtonline.com/,texas
https://www.news-journal.com/,texas
http://www.gainesvilleregister.com/,texas
http://www.hendersondailynews.com/,texas
http://www.themonitor.com/,texas
https://www.marshallnewsmessenger.com/,texas
http://www.thepampanews.com/,texas
https://www.myplainview.com/,texas
http://theparisnews.com/,texas
https://www.panews.com/,texas
http://www.itemonline.com/,texas
http://www.jacksonvilleprogress.com/,texas
https://www.tribnow.com/,texas
http://www.mineralwellsindex.com/,texas
http://dailysentinel.com/,texas
http://www.palestineherald.com/,texas
http://herald-zeitung.com/,texas
http://dailytimes.com/,texas
http://www.lubbockonline.com/,texas
http://lufkindailynews.com/,texas
https://www.gosanangelo.com/,texas
http://www.fbherald.com/,texas
https://www.mrt.com/,texas
https://www.sanmarcosrecord.com/,texas
https://www.snyderdailynews.com/,texas
http://seguingazette.com/,texas
http://www.tylerpaper.com/,texas
http://www.wacotrib.com/,texas
https://www.victoriaadvocate.com/,texas
https://www.ssnewstelegram.com/,texas
http://taylorpress.net/,texas
http://www.texarkanagazette.com/,texas
http://www.tdtnews.com/,texas
http://www.waxahachietx.com/,texas
https://www.timesrecordnews.com/,texas
http://www.weatherforddemocrat.com/,texas
http://www.yourstephenvilletx.com/,texas
http://www.sweetwaterreporter.com/,texas
https://play.google.com/store/apps/details?id=bangla.newspapers.bdnews,texas
,
https://www.heraldextra.com/,utah
http://www.slcrecord.com/,utah
https://www.hjnews.com,utah
https://www.sltrib.com/,utah
https://www.standard.net/,utah
https://www.thespectrum.com/,utah
https://www.deseretnews.com/,utah
https://play.google.com/store/apps/details?id=bangla.newspapers.bdnews,utah
,
https://www.burlingtonfreepress.com/,vermont
https://www.benningtonbanner.com/,vermont
https://www.timesargus.com/,vermont
http://www.caledonianrecord.com/,vermont
http://www.reformer.com/,vermont
http://newportvermontdailyexpress.com/,vermont
http://www.samessenger.com/,vermont
http://www.rutlandherald.com/,vermont
https://play.google.com/store/apps/details?id=bangla.newspapers.bdnews,vermont
,
https://www.roanoke.com/,virginia
https://www.heraldcourier.com/,virginia
http://www.dailyprogress.com/,virginia
http://www.dailypress.com/,virginia
http://www.starexponent.com/,virginia
http://www.fredericksburg.com/,virginia
http://www.godanriver.com/,virginia
http://www.dnronline.com/,virginia
http://www.richmond.com/,virginia
http://www.progress-index.com/,virginia
https://www.newsleader.com/,virginia
http://www.newsadvance.com/,virginia
http://www.martinsvillebulletin.com/,virginia
https://pilotonline.com/,virginia
http://www.nvdaily.com/,virginia
http://www.winchesterstar.com/,virginia
https://play.google.com/store/apps/details?id=bangla.newspapers.bdnews,virginia
,
https://www.thenewstribune.com/,washington
http://www.thedailyworld.com/,washington
https://www.kitsapsun.com/,washington
https://www.bellinghamherald.com/,washington
https://www.seattletimes.com/,washington
http://www.chronline.com/,washington
http://www.heraldnet.com/,washington
https://www.dailyrecordnews.com/,washington
https://www.tri-cityherald.com/,washington
https://tdn.com/,washington
http://www.leavenworthecho.com/,washington
http://dnews.com/,washington
http://www.spokesman.com/,washington
https://www.seattlepi.com/,washington
https://www.goskagit.com/,washington
http://www.peninsuladailynews.com/,washington
https://www.theolympian.com/,washington
http://www.dailysunnews.com/,washington
http://www.union-bulletin.com/,washington
http://www.columbian.com/,washington
https://www.yakimaherald.com/,washington
https://play.google.com/store/apps/details?id=bangla.newspapers.bdnews,washington
,
http://www.bdtonline.com/,west-virginia
https://www.wvnews.com/,west-virginia
http://www.register-herald.com/,west-virginia
https://www.wvgazettemail.com/,west-virginia
http://www.timeswv.com/,west-virginia
http://www.journal-news.net/,west-virginia
http://www.herald-dispatch.com/,west-virginia
http://www.weirtondailytimes.com/,west-virginia
http://www.williamsondailynews.com/,west-virginia
http://www.theintelligencer.net/,west-virginia
https://www.dominionpost.com/,west-virginia
http://www.mydailyregister.com/,west-virginia
http://www.newsandsentinel.com/,west-virginia
https://play.google.com/store/apps/details?id=bangla.newspapers.bdnews,west-virginia
,
https://www.postcrescent.com/,wisconsin
https://www.antigodailyjournal.com/,wisconsin
https://madison.com/wsj,wisconsin
http://www.beloitdailynews.com/,wisconsin
https://www.apg-wi.com/ashland_daily_press/,wisconsin
http://chippewa.com/,wisconsin
https://www.greenbaypressgazette.com/,wisconsin
http://www.gazettextra.com/,wisconsin
http://lacrossetribune.com/,wisconsin
http://www.kenoshanews.com/,wisconsin
https://www.jsonline.com/,wisconsin
http://dailyreporter.com/,wisconsin
https://www.thenorthwestern.com/,wisconsin
https://www.stevenspointjournal.com/,wisconsin
http://www.shawanoleader.com/,wisconsin
https://www.wisconsinrapidstribune.com/,wisconsin
https://www.wausaudailyherald.com/,wisconsin
http://www.wdtimes.com/,wisconsin
https://www.marshfieldnewsherald.com/,wisconsin
http://www.leadertelegram.com/,wisconsin
https://play.google.com/store/apps/details?id=bangla.newspapers.bdnews,wisconsin
,
https://trib.com/,wyoming
https://www.rawlinstimes.com/,wyoming
https://thesheridanpress.com/,wyoming
https://www.wyomingnews.com/,wyoming
http://www.dailyranger.com/,wyoming
http://www.wyodaily.com/,wyoming
http://www.rocketminer.com/,wyoming
https://play.google.com/store/apps/details?id=bangla.newspapers.bdnews,wyoming